"p1","p2","p3","p4","p5","mean","sd","low_critical_val","high_critical_val","p_val"
176,163,168,181,174,172.4,7.02139587261678,158.638064089671,186.161935910329,"0.200"
163,151,157,175,176,164.4,10.9909053312273,142.857825550795,185.942174449205,"0.455"
175,163,176,176,175,173,5.61248608016091,161.999527282885,184.000472717115,"0.181"
176,157,176,176,165,170,8.68907359849138,152.969415746957,187.030584253043,"0.289"
165,162,165,163,176,166.2,5.6302753041037,155.164660403957,177.235339596043,"0.460"
